﻿<?xml version="1.0" encoding="utf-8" ?>
<interface>
  <menu 
    name="loot_filter_settings_menu" 
    default_pos_x="0" 
    default_pos_y="0" 
    width="402" 
    height="224" 
    resolution_count="15"
      
    res1_x="800"  pos1_x="0"
    res1_y="600"  pos1_y="300"
                  
    res2_x="1068" pos2_x="0"
    res2_y="600"  pos2_y="300"
                  
    res3_x="960"  pos3_x="0"
    res3_y="720"  pos3_y="420"
                  
    res4_x="1280" pos4_x="0"
    res4_y="720"  pos4_y="420"
                  
    res5_x="1024" pos5_x="0"
    res5_y="768"  pos5_y="468"
                  
    res6_x="1280" pos6_x="0"
    res6_y="768"  pos6_y="468"
                  
    res7_x="1280" pos7_x="0"
    res7_y="960"  pos7_y="660"
                  
    res8_x="1200" pos8_x="0"
    res8_y="900"  pos8_y="600"
                  
    res9_x="1600" pos9_x="200"
    res9_y="900"  pos9_y="600"

    res10_x="1920" pos10_x="360"
    res10_y="1080" pos10_y="780"
    
    res11_x="1366"  pos11_x="0"
    res11_y="768"   pos11_y="468"
    
    res12_x="1360"  pos12_x="0"
    res12_y="768"   pos12_y="468"
    
    res13_x="1440"  pos13_x="100"
    res13_y="900"   pos13_y="600"
    
    res14_x="1152"  pos14_x="0"
    res14_y="864"  pos14_y="582"
    
    res15_x=""  pos15_x=""
    res15_y=""  pos15_y=""
  >
  
    <image name="m_bg1"
           x="0" y="224"
           image="data\global\UI\FrontEnd\PopUpWideNoHoles"
           frame="0" blockClick ="true"/>

    <image name="m_bg2"
           x="224" y="224"
           image="data\global\UI\FrontEnd\PopUpWideNoHoles"
           frame="1" blockClick ="true"/>

    <checkbox name ="m_altonly"
              x="32" y="32"
              frameChecked="1" frameUnchecked="0" clickSound="4"
              popup="Show items only when ALT key is pressed"
              text="ALT-only items"
              color="0" font="1"
              image="data\global\ui\PANEL\clickbox"/>

    <!--=================================================-->

    <group name="m_misc_group"
           x="32"
           y="72">
      <checkbox name ="m_show_gold"
                x="0" y="0"
                frameChecked="1" frameUnchecked="0" clickSound="4"
                popup="Show gold piles"
                text="Show gold"
                color="7" font="1"
                image="data\global\ui\PANEL\clickbox"/>

      <checkbox name ="m_show_runes"
                x="0" y="20"
                frameChecked="1" frameUnchecked="0" clickSound="4"
                popup="Show runes"
                text="Show runes"
                color="11" font="1"
                image="data\global\ui\PANEL\clickbox"/>

      <checkbox name ="m_show_gems"
                x="0" y="40"
                frameChecked="1" frameUnchecked="0" clickSound="4"
                popup="Show gems and skulls"
                text="Show gems"
                color="11" font="1"
                image="data\global\ui\PANEL\clickbox"/>
    </group>

    <!--=================================================-->

    <group name="m_qualities_group"
           x="210"
           y="32">
      <checkbox name ="m_inferior"
                x="0" y="0"
                frameChecked="1" frameUnchecked="0" clickSound="4"
                popup="Show low-quality items"
                text="Inferior items"
                color="5" font="1"
                image="data\global\ui\PANEL\clickbox"/>

      <checkbox name ="m_normal"
                x="0" y="20"
                frameChecked="1" frameUnchecked="0" clickSound="4"
                popup="Show normal items"
                text="Normal items"
                color="0" font="1"
                image="data\global\ui\PANEL\clickbox"/>

      <checkbox name ="m_superior"
                x="0" y="40"
                frameChecked="1" frameUnchecked="0" clickSound="4"
                popup="Show superior items"
                text="Superior items"
                color="0" font="1"
                image="data\global\ui\PANEL\clickbox"/>

      <checkbox name ="m_magic"
                x="0" y="60"
                frameChecked="1" frameUnchecked="0" clickSound="4"
                popup="Show magic items"
                text="Magic items"
                color="3" font="1"
                image="data\global\ui\PANEL\clickbox"/>

      <checkbox name ="m_set"
                x="0" y="80"
                frameChecked="1" frameUnchecked="0" clickSound="4"
                popup="Show set items"
                text="Set items"
                color="2" font="1"
                image="data\global\ui\PANEL\clickbox"/>

      <checkbox name ="m_rare"
                x="0" y="100"
                frameChecked="1" frameUnchecked="0" clickSound="4"
                popup="Show rare items"
                text="Rare items"
                color="9" font="1"
                image="data\global\ui\PANEL\clickbox"/>

      <checkbox name ="m_unique"
                x="0" y="120"
                frameChecked="1" frameUnchecked="0" clickSound="4"
                popup="Show unique items"
                text="Unique items"
                color="4" font="1"
                image="data\global\ui\PANEL\clickbox"/>

      <checkbox name ="m_crafted"
                x="0" y="140"
                frameChecked="1" frameUnchecked="0" clickSound="4"
                popup="Show crafted items"
                text="Crafted items"
                color="8" font="1"
                image="data\global\ui\PANEL\clickbox"/>

      <checkbox name ="m_tempered"
                x="0" y="160"
                frameChecked="1" frameUnchecked="0" clickSound="4"
                popup="Show tempered items"
                text="Tempered items"
                color="10" font="1"
                image="data\global\ui\PANEL\clickbox"/>
    </group>
  </menu>
</interface>